{"cameraMode":{"drawMode":0,"name":"Shaded","section":"Shading Mode"},"sceneLighting":true,"audioPlay":false,"sceneViewState":{"showFog":false,"showMaterialUpdate":false,"showSkybox":false,"showFlares":false,"showImageEffects":false,"showParticleSystems":false},"in2DMode":false,"pivot":{"x":-1.5368635654449463,"y":0.9657551646232605,"z":-1.5746182203292847},"rotation":{"x":-0.11723653972148895,"y":-0.5037830471992493,"z":0.06910283863544464,"w":-0.853123128414154},"size":0.2396882176399231,"orthographic":false}